marker_id,short_code,qr_url,notes
FF-TREE-001,8K4P2,https://famous.land/8K4P2,Style 14ARBOR first batch
FF-TREE-002,37TZZ,https://famous.land/37TZZ,Style 14ARBOR first batch
FF-TREE-003,F779V,https://famous.land/F779V,Style 14ARBOR first batch
FF-TREE-004,EDZ7B,https://famous.land/EDZ7B,Style 14ARBOR first batch
FF-TREE-005,YWE8A,https://famous.land/YWE8A,Style 14ARBOR first batch
FF-TREE-006,W33AB,https://famous.land/W33AB,Style 14ARBOR first batch
FF-TREE-007,KFXCK,https://famous.land/KFXCK,Style 14ARBOR first batch
FF-TREE-008,U8U35,https://famous.land/U8U35,Style 14ARBOR first batch
FF-TREE-009,XJYYQ,https://famous.land/XJYYQ,Style 14ARBOR first batch
FF-TREE-010,CN5UP,https://famous.land/CN5UP,Style 14ARBOR first batch
FF-TREE-011,XRZ8J,https://famous.land/XRZ8J,Style 14ARBOR first batch
FF-TREE-012,AB2MJ,https://famous.land/AB2MJ,Style 14ARBOR first batch
FF-TREE-013,KNDQH,https://famous.land/KNDQH,Style 14ARBOR first batch
FF-TREE-014,T7H9E,https://famous.land/T7H9E,Style 14ARBOR first batch
FF-TREE-015,MKS7E,https://famous.land/MKS7E,Style 14ARBOR first batch
FF-TREE-016,EWNJC,https://famous.land/EWNJC,Style 14ARBOR first batch
FF-TREE-017,PUQZA,https://famous.land/PUQZA,Style 14ARBOR first batch
FF-TREE-018,ETET2,https://famous.land/ETET2,Style 14ARBOR first batch
FF-TREE-019,TAKVU,https://famous.land/TAKVU,Style 14ARBOR first batch
FF-TREE-020,WYCUD,https://famous.land/WYCUD,Style 14ARBOR first batch
FF-TREE-021,M6F3W,https://famous.land/M6F3W,Style 14ARBOR first batch
FF-TREE-022,549S7,https://famous.land/549S7,Style 14ARBOR first batch
FF-TREE-023,KAN8Y,https://famous.land/KAN8Y,Style 14ARBOR first batch
FF-TREE-024,BCPYV,https://famous.land/BCPYV,Style 14ARBOR first batch
FF-TREE-025,G36YB,https://famous.land/G36YB,Style 14ARBOR first batch
FF-TREE-026,SH7GP,https://famous.land/SH7GP,Style 14ARBOR first batch
FF-TREE-027,D7BZG,https://famous.land/D7BZG,Style 14ARBOR first batch
FF-TREE-028,VHF99,https://famous.land/VHF99,Style 14ARBOR first batch
FF-TREE-029,Z6QRQ,https://famous.land/Z6QRQ,Style 14ARBOR first batch
FF-TREE-030,A66DJ,https://famous.land/A66DJ,Style 14ARBOR first batch
